iter	Logloss
0	0.5239868052
1	0.4721385208
